monthly_income,phone_bill_paid_on_time,electricity_usage,num_apps_installed,social_media_hours,upi_txn_count,sms_notifs,location_cluster,creditworthy
25795,1,356,103,6.2,14,13,2,0
10860,0,669,105,2.0,39,13,2,0
86820,0,991,17,4.0,11,4,1,0
64886,0,626,73,0.4,21,17,1,0
16265,0,261,147,4.8,21,13,0,0
92386,0,262,47,5.4,49,1,1,0
47194,0,931,120,2.3,46,11,1,0
97498,1,892,121,9.6,16,5,1,1
54131,1,891,90,9.1,28,3,0,1
70263,1,623,145,7.2,45,12,1,1
26023,1,885,113,5.3,13,3,0,0
51090,0,370,162,8.7,49,13,2,0
77221,0,591,82,1.3,19,15,1,0
74820,1,307,187,7.9,49,3,0,1
10769,0,638,58,1.2,47,0,1,0
69735,1,683,45,7.9,32,12,2,1
72955,1,159,135,2.8,42,3,0,1
74925,1,529,77,8.8,14,19,0,1
77969,0,756,87,9.4,11,17,0,0
15311,1,704,114,1.5,39,5,2,0
93104,1,408,178,4.6,19,2,2,1
63707,1,619,131,9.8,29,12,2,1
95305,0,690,128,4.8,37,15,0,0
38693,0,126,199,8.6,2,4,2,0
81932,1,785,123,5.9,27,3,1,1
35658,0,661,19,3.8,25,7,2,0
94478,0,298,158,2.9,29,18,0,0
28431,0,486,173,2.0,12,13,1,0
12747,0,448,149,7.6,12,6,2,0
69150,0,792,100,3.9,1,13,1,0
75725,0,635,11,5.1,36,5,1,0
94654,0,927,127,4.9,48,11,0,0
45773,0,477,22,5.8,37,15,1,0
77435,0,998,190,8.7,1,16,1,0
66886,0,657,169,9.8,35,12,0,0
76803,1,626,104,4.1,25,13,0,1
41551,1,252,153,8.3,10,6,0,1
21394,0,833,41,7.6,7,13,1,0
79092,1,305,41,5.7,43,14,1,1
13890,1,554,133,9.6,39,11,1,0
51606,0,372,20,2.0,42,16,0,0
90038,0,993,19,1.1,21,8,2,0
97313,0,335,24,8.5,19,14,1,0
20627,1,951,26,4.4,7,11,2,0
18792,1,839,177,8.5,28,1,0,0
83969,0,620,155,8.9,39,4,1,0
53001,0,777,192,0.6,25,12,2,0
86552,0,930,162,8.8,29,19,1,0
33897,1,825,68,4.5,16,7,1,1
78148,1,600,87,5.1,19,13,1,1
33483,1,216,133,6.3,15,14,2,1
58555,1,485,123,9.3,45,10,0,1
27159,0,443,31,0.2,42,0,1,0
90077,0,683,167,4.8,6,2,0,0
45920,0,494,181,6.9,15,16,0,0
77121,0,163,41,7.2,44,18,2,0
79479,1,816,188,6.9,46,13,2,1
99475,1,820,183,1.3,47,7,0,1
29457,0,171,122,3.0,26,12,1,0
76557,0,888,129,3.6,22,19,2,0
87189,1,373,158,8.0,23,2,1,1
88953,0,419,131,2.8,8,4,1,0
62995,1,437,41,2.1,34,8,1,1
50757,0,465,128,9.6,19,5,0,0
19692,0,594,48,0.1,36,1,1,0
55758,0,706,21,10.0,41,12,0,0
82409,0,265,184,6.8,16,4,0,0
81211,0,643,27,8.3,46,7,1,0
75697,0,110,158,2.9,30,0,1,0
47065,0,400,150,0.1,7,19,1,0
42606,1,828,158,7.4,14,11,1,1
21534,1,900,135,8.3,30,10,0,0
50397,1,201,145,7.4,29,6,1,1
11016,1,524,55,1.4,45,14,1,0
99789,1,491,113,7.5,19,10,0,1
65591,0,878,144,7.7,38,15,2,0
99812,0,313,160,6.6,11,2,2,0
33247,1,790,95,7.7,48,19,0,1
34300,0,187,159,8.5,16,13,2,0
84065,1,652,98,6.1,41,2,0,1
92798,1,500,31,0.9,29,0,1,1
19268,0,687,101,4.9,28,14,1,0
96807,0,988,38,0.8,18,0,2,0
22185,0,145,22,4.1,45,16,1,0
73704,1,771,11,4.1,10,1,2,1
96779,0,562,38,0.7,33,19,2,0
49099,1,691,189,3.5,49,5,1,1
18571,1,409,36,1.1,6,7,1,0
48044,1,185,59,8.1,43,15,2,1
61214,0,191,104,9.5,33,18,1,0
71228,0,759,160,0.7,19,0,0,0
58984,1,772,97,9.6,49,2,1,1
50774,0,813,53,5.2,37,2,1,0
12568,0,341,31,3.0,23,4,0,0
72592,0,964,180,0.8,9,11,1,0
77563,1,101,174,5.0,31,11,1,1
12695,1,324,198,7.9,14,19,2,0
58190,0,900,106,7.1,36,12,1,0
15258,1,844,193,0.5,19,19,1,0
97538,0,688,12,0.7,2,8,0,0
49504,0,215,127,4.0,36,6,2,0
43159,0,765,28,3.0,39,3,2,0
23986,0,202,32,2.3,7,18,2,0
71858,1,293,166,2.8,39,18,1,1
22666,1,265,39,8.0,43,5,2,0
48660,1,970,48,9.3,22,12,0,1
13561,0,189,117,4.1,39,10,2,0
36854,0,785,120,9.1,10,12,0,0
74505,0,221,34,3.2,45,12,2,0
62251,1,242,137,4.8,7,19,2,1
32662,0,205,120,2.3,28,14,0,0
18392,1,986,145,6.4,29,12,2,0
40535,1,527,115,9.8,9,10,2,1
88603,1,404,195,6.0,38,18,2,1
62256,1,971,153,3.6,27,7,1,1
99135,1,416,81,6.5,48,19,0,1
45222,1,734,138,1.2,35,7,2,1
87373,0,108,117,8.9,12,9,0,0
89575,0,873,14,5.0,31,15,0,0
94651,1,172,12,4.5,35,18,0,1
73335,1,458,141,5.9,36,10,2,1
20965,0,322,113,6.2,25,12,2,0
34538,1,515,73,0.7,21,8,0,1
80592,1,652,115,6.8,3,19,1,0
18110,0,469,107,2.4,30,18,0,0
89309,1,815,19,7.1,17,15,1,1
37266,1,363,158,8.2,37,6,0,1
62992,1,939,137,8.0,23,18,0,1
92948,0,789,55,5.5,22,11,0,0
16910,0,959,164,5.2,21,14,2,0
10206,0,417,75,1.4,1,13,1,0
97054,1,183,178,7.8,30,10,1,1
97897,1,417,121,2.7,10,9,0,1
33419,0,210,22,5.0,27,10,2,0
60636,1,350,146,2.8,45,5,2,1
60015,1,482,173,1.3,31,1,1,1
64268,1,106,95,6.3,4,10,2,0
97939,1,558,99,0.5,37,18,1,1
28141,1,183,67,7.5,9,5,1,0
90356,0,307,63,3.2,39,13,1,0
81910,1,999,21,0.0,45,19,2,1
66044,0,489,23,5.1,23,5,1,0
77214,1,413,130,0.5,34,16,1,1
43827,0,121,171,2.8,43,9,0,0
65820,1,509,190,7.1,47,0,1,1
72623,0,994,130,0.6,22,2,1,0
91734,1,614,29,8.4,16,7,0,1
85450,0,226,84,0.0,0,7,0,0
32299,1,908,153,2.5,30,19,2,1
53585,0,799,79,7.4,30,14,1,0
74044,1,973,65,3.2,41,6,2,1
52557,0,113,110,1.0,41,10,2,0
59080,0,111,195,3.6,33,6,0,0
12693,1,186,141,2.7,8,3,2,0
79163,1,623,120,8.4,21,11,1,1
35939,0,636,134,3.1,12,5,0,0
58925,1,400,141,7.9,24,13,1,1
52941,0,342,29,8.9,47,11,1,0
31834,0,221,147,4.3,17,10,0,0
28047,0,246,33,9.1,11,18,1,0
36105,1,666,163,3.8,39,4,0,1
85766,0,849,46,9.6,16,13,1,0
25707,0,455,63,0.9,14,15,0,0
31976,1,784,112,6.9,41,12,2,1
54262,1,832,158,4.9,14,19,1,1
33776,1,730,47,3.9,14,3,0,1
40080,1,408,183,6.3,38,10,1,1
76842,0,794,13,7.0,12,16,1,0
71373,0,387,197,0.0,16,6,1,0
16776,0,406,66,1.7,31,13,0,0
65016,0,911,182,7.1,8,10,2,0
19474,1,693,29,6.7,39,8,2,0
68053,0,822,26,9.7,19,12,2,0
31959,0,761,128,7.6,25,17,0,0
15530,1,648,80,9.5,26,10,2,0
13748,0,451,13,7.0,20,14,0,0
23545,0,411,23,3.0,17,18,1,0
76199,0,972,12,1.1,12,0,1,0
44766,0,158,89,7.8,15,3,2,0
83530,0,742,195,6.4,8,13,0,0
71087,0,813,64,0.5,11,13,1,0
78840,1,854,141,3.6,43,2,0,1
64384,1,134,129,9.6,37,16,0,1
61005,0,544,33,5.0,18,2,1,0
56576,0,192,171,4.3,6,15,0,0
49353,1,306,167,4.6,34,13,1,1
72003,0,452,91,2.1,47,19,1,0
93211,0,431,156,3.7,17,12,1,0
62733,0,916,168,3.7,15,14,0,0
75318,1,961,197,0.5,38,13,1,1
99474,0,824,69,7.7,3,18,0,0
33664,1,258,156,4.2,24,5,1,1
77172,0,123,58,8.2,31,9,1,0
95616,1,503,72,8.5,39,14,2,1
36736,1,904,119,2.1,12,19,2,1
10854,0,615,159,6.6,44,5,2,0
48623,1,831,161,4.7,16,9,0,1
17392,0,463,118,8.8,48,6,0,0
65680,1,481,85,2.2,36,16,1,1
56717,0,631,39,6.8,5,17,1,0
97092,0,251,67,6.1,18,16,1,0
60859,1,661,126,3.0,12,8,1,1
36309,0,788,168,1.4,25,9,0,0
97455,0,707,109,6.5,13,9,1,0
73734,1,716,28,7.4,30,6,1,1
80467,0,519,185,3.2,3,15,2,0
62662,0,349,182,6.4,38,17,1,0
22688,1,216,103,4.0,7,5,1,0
35342,1,965,192,7.1,24,19,1,1
47157,0,611,122,2.0,12,0,0,0
77863,0,839,192,8.9,31,0,2,0
62083,1,677,155,2.9,37,11,1,1
75733,1,434,72,3.7,37,1,1,1
99045,0,517,125,0.6,27,3,2,0
44698,1,873,122,1.1,29,16,1,1
90623,0,394,56,5.2,2,3,0,0
32671,0,854,66,2.7,27,10,1,0
35184,0,470,127,8.4,2,3,0,0
52107,0,285,54,0.1,44,0,0,0
96202,0,345,170,3.8,33,6,1,0
61663,1,736,154,3.4,15,17,2,1
25708,1,367,13,0.2,21,8,0,0
59811,1,742,157,1.2,31,2,2,1
12811,1,336,56,4.1,37,7,1,0
66250,0,629,152,4.9,7,18,0,0
82082,0,651,56,4.0,7,3,1,0
44754,0,120,87,5.3,5,17,2,0
21411,0,836,133,6.0,13,19,1,0
12911,1,966,84,0.1,31,10,1,0
77270,0,893,112,4.6,34,13,0,0
93763,0,619,146,9.6,9,17,1,0
18680,1,199,99,5.2,2,15,1,0
94896,1,851,153,6.8,11,2,1,1
93879,1,577,78,3.1,48,14,0,1
81295,1,698,70,7.7,30,3,2,1
98614,0,397,147,7.7,28,4,2,0
21111,0,625,59,5.2,4,16,1,0
47504,1,433,12,9.8,24,6,0,1
11802,0,101,116,1.3,40,15,1,0
18155,0,474,122,0.2,30,13,2,0
83656,0,392,103,7.7,20,15,0,0
49384,1,936,127,8.1,19,6,2,1
57254,0,652,90,1.2,38,8,2,0
31918,1,417,118,2.7,21,3,0,1
95981,0,601,60,0.2,3,10,0,0
70713,0,927,156,2.9,12,1,1,0
40306,0,480,179,7.7,44,11,1,0
26646,1,722,44,5.2,41,11,2,0
56843,0,113,55,3.5,49,3,0,0
26371,1,603,163,3.7,48,17,0,0
87371,1,330,78,0.0,19,6,1,1
12049,1,183,102,3.0,12,0,2,0
41616,0,229,73,6.5,16,12,2,0
30932,0,842,174,9.7,35,5,1,0
39855,0,937,58,8.5,32,5,0,0
71434,0,244,158,0.2,0,11,1,0
82694,1,990,83,9.0,14,7,1,1
53016,1,956,14,7.8,12,18,1,1
17400,1,127,109,7.8,16,4,1,0
52642,0,165,79,4.6,23,17,0,0
25151,1,262,99,4.0,7,4,1,0
61407,0,328,13,3.0,49,9,0,0
76690,1,360,135,0.7,26,0,1,1
14499,0,548,48,2.3,44,9,2,0
16295,0,523,172,2.5,22,4,0,0
69040,1,559,138,4.8,45,11,2,1
22183,1,775,33,7.5,7,6,1,0
39299,1,400,66,4.7,7,8,1,1
22874,1,402,109,0.6,25,11,1,0
42711,0,386,79,9.6,46,0,0,0
15539,1,494,50,9.4,12,10,2,0
63351,1,109,191,7.9,38,14,0,1
71267,1,806,183,9.9,36,1,0,1
58354,0,729,69,5.4,48,19,1,0
12557,0,369,117,9.6,27,6,2,0
48360,1,691,197,0.8,24,11,1,1
92018,0,704,66,3.7,15,17,0,0
12200,1,877,40,2.3,1,2,1,0
78497,0,943,93,2.0,17,6,2,0
56975,0,961,161,1.4,16,10,1,0
31357,0,460,45,6.2,29,17,2,0
87505,0,356,167,7.8,38,11,2,0
12869,1,232,161,5.8,12,5,1,0
71135,1,375,117,1.5,31,4,0,1
60108,1,875,115,8.1,49,0,1,1
48467,0,782,167,6.4,28,11,0,0
33328,1,612,95,3.9,45,10,0,1
96831,1,412,144,6.7,29,3,1,1
13987,1,675,172,2.6,17,17,0,0
68871,0,985,192,3.5,12,3,0,0
32399,0,383,23,9.2,42,16,1,0
56214,0,220,129,2.9,20,1,1,0
96416,1,206,147,4.7,29,1,1,1
80271,1,786,89,8.9,20,11,0,1
54064,1,303,153,7.1,47,5,2,1
80091,0,264,191,0.6,16,9,0,0
50818,0,404,115,1.5,39,15,2,0
55525,1,596,79,0.1,18,13,1,1
29830,0,731,53,6.3,14,6,2,0
27429,0,655,82,4.5,8,18,1,0
16893,0,923,54,1.3,9,16,1,0
89909,0,255,193,9.6,43,8,2,0
57333,1,466,116,5.3,30,12,1,1
13436,0,818,93,2.4,22,4,2,0
84290,0,719,91,5.0,29,4,1,0
86213,0,350,116,6.8,32,9,0,0
15895,0,981,194,0.8,8,9,0,0
29738,1,433,30,2.7,46,6,1,0
40746,1,741,187,8.1,0,14,1,0
59377,0,610,170,4.6,43,6,2,0
58404,0,392,16,5.5,34,14,0,0
64045,0,119,79,4.3,10,2,2,0
49790,0,381,136,0.4,33,18,1,0
15600,0,896,152,1.7,15,9,1,0
50764,0,100,169,4.5,8,14,2,0
84543,1,218,157,2.1,31,2,1,1
55714,0,134,152,0.5,14,5,0,0
66835,1,297,185,8.4,11,11,2,1
83744,1,584,158,9.8,32,14,0,1
66491,0,856,179,7.9,44,5,0,0
28589,1,158,163,8.5,13,12,0,0
53484,1,936,129,2.4,7,18,2,1
92989,1,260,137,9.6,7,2,1,1
46212,1,790,151,2.0,26,7,0,1
53525,1,305,66,9.5,11,7,0,1
57202,1,111,174,9.9,0,19,0,0
42635,0,589,67,7.1,42,14,1,0
73208,1,375,30,9.8,39,3,1,1
43828,1,792,91,5.7,41,18,2,1
28711,1,341,78,2.6,10,2,1,0
13420,0,315,140,4.4,38,12,2,0
10301,1,350,96,5.9,42,7,2,0
55236,0,910,174,0.7,30,15,2,0
76235,1,225,58,6.2,16,12,2,1
64240,0,316,156,9.8,32,2,2,0
75726,0,405,124,1.9,31,15,0,0
20492,1,896,98,7.9,28,8,1,0
16102,1,284,94,9.1,20,13,0,0
60336,0,138,137,9.4,20,12,2,0
95314,1,322,149,9.6,39,6,1,1
36641,0,283,198,5.2,22,14,0,0
44584,0,594,178,9.8,5,6,0,0
42745,0,526,170,7.6,21,5,2,0
33093,0,277,187,1.6,49,1,0,0
76105,0,527,126,4.8,37,8,0,0
61885,1,393,136,7.2,36,16,0,1
46631,0,951,80,2.5,44,4,0,0
82991,0,250,95,6.4,7,11,0,0
14014,1,483,42,6.7,40,0,2,0
21093,0,737,90,1.6,48,9,2,0
28070,1,912,161,5.7,34,10,0,0
45777,1,407,70,7.7,10,15,2,1
66958,1,435,70,5.0,23,13,2,1
92074,0,845,107,0.1,48,7,1,0
20729,0,991,37,0.1,20,16,0,0
55017,0,474,195,3.6,1,17,2,0
76320,1,107,52,9.3,39,11,2,1
37751,0,440,178,2.3,18,16,0,0
88069,1,228,176,6.3,38,13,1,1
64748,0,875,95,2.2,27,15,0,0
15801,1,768,186,3.2,16,13,1,0
29190,0,451,26,8.5,5,8,0,0
59689,0,457,107,7.3,18,3,0,0
60993,0,616,107,1.0,37,10,0,0
39592,1,594,74,4.3,27,5,0,1
20647,1,185,83,0.3,1,14,1,0
18716,0,274,94,4.8,37,4,1,0
98891,0,901,14,6.6,36,10,2,0
97545,1,292,11,1.2,3,17,0,0
99912,1,410,31,2.9,21,12,1,1
80316,1,218,121,4.0,25,10,1,1
12368,0,317,66,9.2,48,13,1,0
87575,1,526,75,9.9,42,17,0,1
16655,0,513,83,0.4,35,18,2,0
80031,1,213,107,7.6,12,14,1,1
86429,0,244,153,3.7,31,8,0,0
97922,1,637,121,3.9,16,7,1,1
65766,1,747,188,7.5,40,19,1,1
23403,1,402,134,9.2,35,0,2,0
42097,1,843,176,9.5,45,3,1,1
88657,1,980,95,5.8,18,13,1,1
20966,0,687,85,3.6,34,1,0,0
62921,1,939,97,7.9,45,15,0,1
59726,1,444,177,2.5,39,2,2,1
60300,1,913,47,5.6,27,7,0,1
32677,0,900,197,3.6,0,5,0,0
65609,1,100,68,6.6,41,15,2,1
66661,0,246,147,2.4,17,15,1,0
41024,1,386,108,1.9,47,6,2,1
80313,1,753,72,9.2,39,12,0,1
63006,0,152,58,1.0,32,12,2,0
25338,1,403,41,5.1,11,4,1,0
78027,0,168,144,2.2,7,19,2,0
90135,0,460,30,0.4,23,17,0,0
29508,1,701,29,0.4,15,14,0,0
13051,0,319,163,1.8,49,17,2,0
58747,1,803,136,8.7,3,1,1,0
97142,1,674,77,2.8,37,9,2,1
97235,0,684,119,9.5,43,12,1,0
64021,0,260,125,5.8,26,17,1,0
76412,0,780,152,4.4,8,14,2,0
68335,0,188,129,5.8,46,11,1,0
66179,1,787,88,5.2,15,14,0,1
42093,1,880,125,7.6,11,12,2,1
79678,0,684,101,2.8,30,17,1,0
90738,1,856,23,3.5,23,14,0,1
49734,1,688,164,8.9,13,10,2,1
82615,1,258,134,9.5,44,18,0,1
83523,1,588,177,8.9,24,2,0,1
27019,0,423,67,4.2,33,6,0,0
93613,0,709,37,7.8,2,13,1,0
96672,1,480,35,4.8,23,13,2,1
83847,0,201,122,5.0,41,12,2,0
92750,0,593,75,2.0,8,11,1,0
89634,0,743,162,5.9,25,8,2,0
38251,1,713,140,1.9,19,0,0,1
35945,1,118,53,3.3,39,18,2,1
42217,1,553,106,8.6,9,10,1,1
18308,0,581,51,2.1,18,18,0,0
15949,1,693,15,0.7,2,17,1,0
61990,1,496,176,0.7,23,11,0,1
11150,0,378,189,9.4,4,0,0,0
99480,1,950,32,5.1,2,18,2,0
84740,1,464,98,4.1,26,19,0,1
76617,0,430,132,8.1,15,16,1,0
26896,0,740,187,8.4,48,4,2,0
56175,0,443,180,3.3,14,2,1,0
17805,1,921,156,6.9,34,1,0,0
15237,1,554,60,7.7,11,2,1,0
30056,1,700,20,6.5,40,7,1,1
55543,0,824,21,1.5,43,15,0,0
66556,0,754,83,8.8,25,5,2,0
13343,1,164,17,5.4,46,12,1,0
23500,1,175,161,2.8,33,15,0,0
63222,0,810,50,4.3,22,15,2,0
39375,0,242,173,0.4,30,2,2,0
19662,0,927,94,1.3,49,12,2,0
26964,0,704,81,7.7,19,13,1,0
69638,1,572,64,0.0,11,7,1,1
83666,0,516,146,4.2,22,11,1,0
95067,1,404,56,5.2,3,7,2,0
77215,1,835,152,0.5,22,8,1,1
79042,1,596,185,9.7,47,0,0,1
23284,0,390,113,2.3,47,5,1,0
82789,0,201,51,3.0,0,18,1,0
94664,0,366,69,3.0,24,10,2,0
71389,0,966,21,2.3,1,10,1,0
19435,1,721,139,0.0,29,12,0,0
64340,0,941,16,7.3,2,10,2,0
54078,0,876,89,9.7,20,17,0,0
88832,1,102,140,2.2,24,14,2,1
61293,0,184,118,6.6,19,0,2,0
88781,1,893,12,7.4,48,6,1,1
70403,1,427,36,8.5,21,12,0,1
39124,1,915,123,4.2,20,11,2,1
53919,1,549,116,3.0,32,17,1,1
45247,1,553,49,3.3,37,18,2,1
72752,1,728,170,7.1,14,14,2,1
66573,1,320,138,8.2,45,7,2,1
69101,1,253,17,1.8,14,18,2,1
36646,0,764,110,3.7,45,9,2,0
33049,0,111,169,9.0,24,6,2,0
89605,0,232,133,8.1,20,17,1,0
78385,0,403,185,9.8,23,15,2,0
50158,1,392,116,7.5,4,19,0,0
75417,0,399,110,3.9,5,5,1,0
33289,1,839,13,5.9,48,8,0,1
19823,0,882,119,6.6,42,12,2,0
70160,0,142,28,0.8,47,7,0,0
51975,0,442,41,5.4,43,15,2,0
19540,1,425,146,7.1,46,12,2,0
26364,0,913,21,1.7,22,12,1,0
14611,1,597,148,7.8,3,16,1,0
37663,1,463,55,5.8,26,19,2,1
61991,0,990,128,9.5,17,4,1,0
67679,0,526,25,0.4,20,16,0,0
40977,0,120,138,2.7,27,8,1,0
59115,1,506,72,6.0,34,1,1,1
98223,0,718,118,3.0,21,17,0,0
70890,1,435,128,7.1,39,8,1,1
76387,1,914,30,7.6,22,5,2,1
28071,0,216,167,1.0,2,10,0,0
69275,0,223,22,5.1,39,5,2,0
82369,1,498,171,5.1,49,5,0,1
21938,1,892,13,3.7,9,12,2,0
45195,1,903,165,9.3,24,10,2,1
14000,0,814,111,8.3,48,13,1,0
80588,1,150,68,7.0,7,1,2,1
48304,0,882,137,7.1,10,7,1,0
79449,1,423,36,4.6,4,2,0,0
92986,1,888,78,9.2,44,2,2,1
99643,0,240,34,6.9,36,0,2,0
30764,1,569,140,7.3,44,18,0,1
96027,0,886,106,8.6,37,17,0,0
48494,0,901,34,2.7,28,16,2,0
13373,1,433,157,8.1,4,19,0,0
22161,0,992,171,2.0,8,12,1,0
37350,0,472,163,3.5,47,2,0,0
35351,1,663,135,3.4,1,0,0,0
98668,0,593,142,9.8,0,3,2,0
25305,0,638,198,8.6,39,12,1,0
85353,0,768,18,7.0,29,16,0,0
86797,1,850,125,7.3,10,10,1,1
75953,0,255,187,5.6,27,1,1,0
67458,1,390,143,9.5,43,15,1,1
30358,1,747,69,5.0,11,1,2,1
13267,0,243,181,3.8,38,18,0,0
92745,0,205,130,1.6,25,18,2,0
99588,0,519,148,7.9,12,15,0,0
48513,1,769,184,7.3,7,18,0,1
36092,0,757,117,3.8,27,8,2,0
21338,0,101,117,0.3,29,0,1,0
10412,0,688,140,8.4,8,9,1,0
17543,0,743,85,0.1,38,18,0,0
43496,0,189,39,7.0,30,0,2,0
70692,1,444,30,9.7,20,1,1,1
99084,1,449,165,4.4,46,15,1,1
54425,0,558,199,2.3,33,11,0,0
48756,0,362,170,7.0,30,7,0,0
28888,0,450,172,8.2,24,17,2,0
45735,0,207,189,5.5,11,1,0,0
57295,1,685,43,9.7,0,12,1,0
93042,0,138,50,0.5,21,5,1,0
95999,1,258,60,5.0,39,5,1,1
27955,1,682,184,7.2,36,8,1,0
47841,0,411,91,8.6,46,15,2,0
80640,1,340,67,1.8,0,10,2,0
75510,1,544,84,8.0,0,6,0,0
44911,1,397,194,5.5,41,9,0,1
69031,1,135,32,4.0,41,9,0,1
98726,0,183,185,1.3,20,19,2,0
17357,0,551,137,8.7,14,17,1,0
42479,1,985,159,1.6,16,19,0,1
71476,0,874,26,3.1,21,8,1,0
54811,0,921,78,2.9,37,14,0,0
46208,0,484,117,8.7,34,3,0,0
30150,0,271,148,6.7,44,7,0,0
81180,0,475,103,8.0,15,8,0,0
53286,1,784,24,2.5,7,12,0,1
78450,0,461,100,6.2,46,8,1,0
31352,0,658,172,5.7,16,3,0,0
65069,0,990,42,8.3,16,16,1,0
24397,0,240,134,9.1,25,15,2,0
51555,1,986,25,0.1,12,14,0,1
56959,1,217,171,6.7,16,2,1,1
10728,1,376,75,0.5,37,19,2,0
60517,1,825,177,5.5,16,4,2,1
76234,0,319,165,2.9,47,4,2,0
49954,1,125,56,3.1,13,19,1,1
57280,0,620,176,3.5,44,14,0,0
89459,0,882,157,6.2,5,17,0,0
26779,0,109,133,3.3,34,14,1,0
73932,0,477,10,7.3,45,1,0,0
82936,0,732,96,4.0,13,12,1,0
34466,1,736,137,0.7,46,3,0,1
46939,1,781,76,7.8,7,9,2,1
79896,1,683,13,2.9,14,12,0,1
45270,1,251,195,4.3,26,9,1,1
69163,0,819,162,6.9,12,8,1,0
92637,1,148,56,3.3,48,7,2,1
61934,0,253,47,0.6,30,2,1,0
74895,1,958,152,3.7,34,15,0,1
42307,0,392,30,9.4,5,13,0,0
64098,0,679,66,6.4,4,8,2,0
70921,1,149,126,6.7,21,10,1,1
15486,0,763,190,6.3,48,2,2,0
18335,0,630,55,2.0,22,4,0,0
96900,1,711,151,4.2,24,9,2,1
99112,0,159,154,7.5,33,12,1,0
21130,1,266,48,1.0,25,3,2,0
97508,1,301,146,2.8,46,12,1,1
70566,1,956,108,2.8,4,11,1,0
76703,0,245,86,4.3,25,4,0,0
37192,0,775,124,9.8,19,9,0,0
11062,0,538,143,0.7,5,8,0,0
94076,1,341,160,5.2,5,19,1,0
99780,0,680,196,1.8,49,6,2,0
31545,1,786,100,9.7,17,1,1,1
31689,1,660,107,1.1,3,6,0,0
21174,0,582,129,4.0,16,7,0,0
98461,1,207,55,7.4,13,6,2,1
19348,0,325,47,7.0,13,13,0,0
33714,0,772,151,4.2,12,18,0,0
48102,0,730,109,3.5,6,4,0,0
84460,0,760,81,4.0,43,17,2,0
99930,0,761,199,2.6,14,19,1,0
16801,1,531,44,2.1,18,11,0,0
82267,1,904,156,4.8,42,16,2,1
58136,1,754,39,2.7,46,12,0,1
33625,0,518,87,2.9,43,1,2,0
92873,0,554,93,6.6,34,12,0,0
82592,0,259,122,9.7,16,6,2,0
87052,1,622,34,6.0,34,9,0,1
54261,0,749,177,0.8,18,5,1,0
11542,1,689,97,0.8,19,2,0,0
31677,1,176,23,9.5,35,2,2,1
56732,0,608,163,3.0,34,17,0,0
60343,0,540,111,0.9,31,10,1,0
49081,1,353,159,6.0,47,19,0,1
72856,0,869,185,6.2,43,4,2,0
98858,1,419,92,6.5,39,18,2,1
29065,0,902,119,2.7,23,18,1,0
93460,0,362,188,0.2,16,14,2,0
98092,1,696,140,9.7,6,15,0,1
64693,0,757,179,2.5,42,8,0,0
36962,1,934,28,6.8,49,3,0,1
38295,0,653,37,7.1,0,14,2,0
23807,1,473,182,6.1,34,11,0,0
52348,1,736,80,3.1,31,2,0,1
36432,0,266,72,2.7,35,13,0,0
93285,1,852,82,6.0,12,16,1,1
67854,0,558,133,8.7,5,18,2,0
50262,0,379,128,9.5,13,5,2,0
47080,0,799,130,1.1,36,3,2,0
11324,1,401,28,1.5,47,6,1,0
45909,1,630,184,9.4,14,18,2,1
99339,0,679,151,7.4,46,16,1,0
29870,0,317,129,8.8,3,15,1,0
44578,1,201,175,2.0,39,14,2,1
82124,0,653,190,5.9,15,7,0,0
36790,0,387,70,7.0,27,18,0,0
35289,1,266,173,6.8,15,7,2,1
65129,0,720,177,4.1,3,17,2,0
25485,1,135,39,0.2,44,15,1,0
54482,0,843,18,5.8,25,19,2,0
96188,1,840,73,2.5,27,18,1,1
14748,0,452,170,4.5,31,9,2,0
96769,0,775,129,9.6,44,16,0,0
19435,1,998,61,4.0,1,12,0,0
13709,0,172,98,8.4,30,12,2,0
40355,1,747,151,1.9,2,6,1,0
65771,0,452,62,6.7,7,9,0,0
67799,1,990,196,9.8,23,1,1,1
23116,1,169,87,1.0,14,3,2,0
35470,1,524,50,0.1,42,5,2,1
52344,1,807,77,4.3,30,17,0,1
52918,0,880,17,0.9,8,5,2,0
62224,0,660,11,7.5,38,16,0,0
49298,1,927,114,9.1,44,13,1,1
90219,1,741,134,4.3,1,10,0,0
71629,1,616,119,2.6,7,18,0,1
76040,0,527,95,4.3,6,1,1,0
38016,0,638,178,7.2,43,2,0,0
33960,0,259,129,0.1,38,10,0,0
43591,0,248,136,5.9,41,5,2,0
92848,1,875,192,6.1,15,13,1,1
77641,1,329,25,6.4,34,18,0,1
46395,1,811,71,2.4,29,15,1,1
32700,0,661,122,7.1,9,6,1,0
44620,0,166,185,0.9,37,7,0,0
30559,0,911,167,2.0,17,18,2,0
71642,1,480,21,8.8,49,19,1,1
86539,1,157,44,7.4,4,15,0,0
31732,0,358,20,0.1,28,6,1,0
40354,1,441,73,2.5,38,8,2,1
23843,0,937,59,2.1,33,12,2,0
81726,0,229,158,2.7,42,0,2,0
27640,1,826,78,2.5,44,7,0,0
62528,0,271,57,0.6,22,3,0,0
48413,1,869,29,4.6,4,2,2,0
62638,0,713,110,7.3,29,2,0,0
62736,1,308,181,6.1,5,12,2,0
78866,1,902,170,6.7,45,7,0,1
29087,1,453,198,0.8,43,6,2,0
51430,0,570,146,9.5,3,0,1,0
34504,0,897,77,8.4,28,15,2,0
17114,1,215,44,8.1,22,5,2,0
88859,1,363,74,8.2,5,6,0,0
20975,0,761,17,9.3,31,11,0,0
21023,0,911,54,5.4,41,8,0,0
31447,0,541,96,2.0,17,10,0,0
33959,1,647,184,6.2,14,9,0,1
76203,0,552,177,7.4,39,0,0,0
39703,0,944,85,7.4,31,17,1,0
19337,1,576,191,5.2,8,3,2,0
56427,0,386,85,0.7,36,4,2,0
71529,0,402,183,3.7,9,8,2,0
94665,0,410,56,9.2,19,16,1,0
41921,1,307,24,5.8,5,2,2,0
43307,1,717,114,5.4,47,15,1,1
37355,1,545,156,2.7,2,4,1,0
14835,1,769,35,3.7,41,15,1,0
30159,1,732,61,9.0,10,2,2,1
57605,1,154,102,6.7,42,19,1,1
48088,1,111,159,7.9,16,14,2,1
88752,0,756,30,4.5,31,2,2,0
65284,0,499,60,6.3,3,19,0,0
67043,1,747,47,2.5,3,13,0,0
45547,0,614,29,7.1,16,15,1,0
92844,0,755,166,4.3,40,16,1,0
37532,1,641,188,4.4,18,19,2,1
44349,0,336,141,6.5,4,17,1,0
55445,0,378,64,9.4,31,17,1,0
15713,0,447,101,0.6,21,13,2,0
66178,0,726,37,8.2,5,17,1,0
59407,0,203,13,2.9,34,14,1,0
80340,1,729,159,4.4,21,14,2,1
60990,1,616,85,0.2,0,5,2,0
85672,1,971,182,3.0,19,14,0,1
75545,0,347,76,5.0,21,17,2,0
94791,1,463,95,0.6,47,3,0,1
68141,0,420,171,4.9,10,7,1,0
33793,0,732,100,9.3,12,14,2,0
66570,0,385,192,1.1,41,2,2,0
47892,0,248,114,7.6,2,14,2,0
11015,1,183,10,4.1,8,12,1,0
71813,1,505,81,6.6,11,8,0,1
37712,0,555,96,2.6,22,1,1,0
18415,1,842,175,1.6,13,7,1,0
72292,0,899,15,1.6,32,19,2,0
33833,1,260,162,0.7,17,16,0,1
14158,1,883,154,1.9,48,12,1,0
72680,0,559,70,6.6,40,0,2,0
30309,1,649,21,8.8,8,1,1,1
16970,0,599,15,8.1,22,14,1,0
82474,1,837,36,6.9,9,11,2,1
96704,0,608,145,1.1,18,13,2,0
56540,0,753,133,2.9,46,1,0,0
30384,1,903,115,3.1,4,17,1,0
28017,1,580,194,2.5,46,6,2,0
85880,0,762,102,5.2,22,5,2,0
18702,1,213,118,5.4,29,13,0,0
10384,1,848,108,3.6,24,7,0,0
10404,0,677,177,3.5,27,1,2,0
50943,0,460,151,8.3,33,16,0,0
57926,1,440,44,7.9,44,4,2,1
39189,0,869,185,3.1,47,13,1,0
22763,0,860,93,9.1,46,19,0,0
28384,0,548,65,9.5,24,2,1,0
70100,1,942,186,3.3,9,4,1,1
19860,1,934,150,3.5,13,15,1,0
90642,0,279,198,5.1,41,17,2,0
60612,1,801,58,9.4,45,16,1,1
33574,0,506,55,8.8,29,10,1,0
33524,1,765,122,1.0,40,16,1,1
79172,0,295,199,3.9,24,15,2,0
20916,0,565,145,5.5,13,1,1,0
14809,1,410,52,5.0,34,3,1,0
42201,0,361,157,1.9,47,6,0,0
63330,1,518,133,8.6,33,1,2,1
23456,1,505,106,6.8,9,5,1,0
66397,0,242,99,8.4,34,16,0,0
48765,0,441,48,8.6,10,6,2,0
44816,1,415,94,7.5,10,4,2,1
55106,0,200,186,4.4,20,4,2,0
63932,0,343,71,6.1,20,19,2,0
27100,0,589,115,1.6,21,15,2,0
67091,0,111,116,6.7,44,18,2,0
31949,0,338,63,1.8,6,8,1,0
80080,1,660,135,6.9,16,4,1,1
47744,1,141,18,2.3,1,7,1,0
55543,0,777,97,1.2,11,8,1,0
46187,0,693,46,1.7,41,4,0,0
17239,0,528,58,0.0,17,9,1,0
24489,1,902,50,7.2,10,1,2,0
68017,0,257,26,7.3,15,8,1,0
71877,1,315,97,5.1,48,10,1,1
53125,1,769,30,1.6,17,3,2,1
59922,1,561,60,0.8,34,1,1,1
42049,0,233,68,0.2,25,5,1,0
47131,1,166,176,1.7,15,13,1,1
52944,0,947,192,8.9,5,0,0,0
83963,1,106,50,2.4,43,17,1,1
34285,0,625,48,3.5,42,6,2,0
47626,1,172,150,1.1,46,0,2,1
52808,0,498,20,2.2,46,0,1,0
98464,1,504,156,5.2,47,0,1,1
63871,0,774,148,6.1,41,3,1,0
29198,0,677,86,2.5,11,3,2,0
29758,0,958,136,0.6,12,17,2,0
25254,0,229,55,3.9,3,10,0,0
54238,1,565,54,2.3,38,0,0,1
11252,1,305,10,2.2,1,9,0,0
49764,0,887,177,9.6,25,8,2,0
87709,1,867,117,6.2,26,3,0,1
47441,0,365,28,5.6,26,5,1,0
63682,0,636,85,4.2,14,15,1,0
69494,1,892,81,4.3,7,1,2,1
91317,0,352,198,5.4,6,17,0,0
75215,0,921,118,7.0,46,9,1,0
88587,1,388,21,7.0,45,16,2,1
16949,0,263,198,1.7,39,12,0,0
65393,0,194,170,5.0,11,17,1,0
83553,0,881,54,4.1,12,12,0,0
16941,0,932,99,8.7,42,16,2,0
35934,1,209,112,6.3,16,4,0,1
33386,1,435,17,5.3,16,10,2,1
71886,1,921,162,1.2,35,6,0,1
85745,0,337,100,6.1,20,9,1,0
93251,0,480,183,1.2,7,16,2,0
63413,1,535,96,3.4,4,14,2,0
66800,0,998,167,1.4,25,17,2,0
52318,0,582,184,6.9,15,18,0,0
80173,0,124,186,2.1,35,1,0,0
80390,0,752,184,3.9,27,3,1,0
62329,1,216,93,9.0,28,2,2,1
53088,1,581,91,2.0,46,6,2,1
49811,1,491,155,5.1,11,17,0,1
65479,0,636,77,4.2,36,9,0,0
95392,1,178,170,0.2,29,6,1,1
97369,1,679,136,7.9,22,7,1,1
29963,0,272,173,0.7,15,5,0,0
65123,0,111,91,4.7,13,0,2,0
83477,1,899,156,5.6,9,3,1,1
24388,1,227,165,6.3,6,13,0,0
15569,1,707,177,6.9,44,16,0,0
79836,1,191,93,2.5,36,19,2,1
46586,0,752,122,0.1,28,17,0,0
22015,1,642,85,7.2,2,10,0,0
55002,1,945,131,5.4,14,13,1,1
16254,0,631,152,8.4,35,8,0,0
27144,1,757,50,8.2,46,14,0,0
34214,0,927,176,8.4,45,11,1,0
90719,0,546,11,4.9,18,9,2,0
81774,0,489,38,3.3,12,18,2,0
16090,1,771,114,7.9,41,18,1,0
21637,1,960,60,4.5,20,5,1,0
32415,0,142,84,1.8,36,19,2,0
34071,1,353,19,8.5,26,5,2,1
68243,1,229,151,8.8,28,7,2,1
51240,0,159,60,4.7,19,0,2,0
93807,0,762,127,0.8,24,16,2,0
43434,1,566,130,3.9,5,16,1,0
79724,0,386,48,8.0,35,14,0,0
85697,1,616,37,9.0,1,6,2,0
38732,1,566,12,2.0,21,18,2,1
21314,1,877,93,0.7,31,2,0,0
33954,1,444,164,8.8,15,10,0,1
67108,0,741,126,3.9,17,19,0,0
97044,0,481,11,5.4,4,18,0,0
97505,0,878,102,9.7,35,8,0,0
46668,0,789,175,0.7,29,9,0,0
33061,1,352,140,6.5,44,1,1,1
89252,1,155,153,0.7,18,0,0,1
49749,0,562,103,3.8,22,15,0,0
26907,1,556,49,8.0,33,17,1,0
28777,1,182,11,4.3,12,16,0,0
61745,1,198,90,10.0,42,5,2,1
91818,0,248,178,5.6,28,13,2,0
33624,0,428,21,3.2,35,14,0,0
33321,0,255,172,2.2,21,13,1,0
20488,1,289,74,3.5,46,2,2,0
32574,0,593,64,3.7,35,18,1,0
15240,0,982,54,0.7,8,11,2,0
53221,0,362,110,3.7,38,1,0,0
20478,0,179,71,4.6,18,2,1,0
65645,0,499,58,7.2,37,17,1,0
29262,0,863,136,6.6,5,0,1,0
62796,1,708,162,7.1,46,19,2,1
14432,1,359,32,0.1,14,5,2,0
74291,0,871,161,2.2,19,4,2,0
89104,0,714,47,6.6,8,0,0,0
69399,1,651,37,4.8,31,18,2,1
89714,1,884,30,0.1,3,0,0,0
60428,0,200,191,8.0,49,15,1,0
97731,0,458,116,7.7,17,11,1,0
10302,0,479,155,5.5,4,7,0,0
92558,0,919,173,0.7,19,15,2,0
10055,1,320,108,7.7,22,0,0,0
18717,0,919,182,5.8,10,3,1,0
38699,0,519,128,7.8,36,9,1,0
83686,0,223,82,7.5,21,10,0,0
77661,0,521,190,8.0,3,16,2,0
54247,1,330,131,5.2,28,6,2,1
26748,1,789,39,1.4,43,11,0,0
14621,1,162,197,6.7,33,6,0,0
25034,0,584,117,6.2,12,11,2,0
15126,0,727,107,7.4,41,14,1,0
15122,1,802,41,1.7,8,1,0,0
28030,0,673,165,1.9,41,13,2,0
92838,0,867,181,8.9,30,12,2,0
94717,1,582,88,7.5,6,3,1,1
65658,1,618,50,9.1,3,13,1,0
48638,1,254,72,7.6,18,13,1,1
77067,1,191,32,6.0,41,15,1,1
98869,0,625,113,6.5,29,6,1,0
44674,0,554,84,8.9,30,18,0,0
45854,1,840,57,5.8,34,1,2,1
56271,0,697,169,6.3,20,9,0,0
83688,1,744,66,1.6,30,17,0,1
48518,1,609,127,4.7,18,16,0,1
20267,0,282,109,7.2,30,4,0,0
11062,1,485,133,2.7,31,11,0,0
60448,0,673,170,2.0,1,5,1,0
16229,0,830,161,3.1,9,8,1,0
66793,0,504,176,2.4,1,19,2,0
57915,0,345,43,2.1,1,0,0,0
14632,1,841,193,4.2,23,14,2,0
13596,0,690,165,9.1,16,5,1,0
16168,1,760,174,5.1,31,18,1,0
17561,1,749,16,1.9,15,17,1,0
83794,1,570,174,0.8,15,5,0,1
92152,1,925,65,7.0,45,12,0,1
36734,0,987,74,3.8,38,0,1,0
16371,0,522,56,8.2,30,12,2,0
36069,1,164,157,6.6,42,6,2,1
89905,1,112,28,8.0,23,14,1,1
22910,0,312,166,2.7,0,11,2,0
83479,1,341,197,6.9,10,0,1,1
87735,0,592,155,2.6,20,14,2,0
91264,1,312,172,9.4,3,3,1,0
33275,0,792,180,6.4,6,12,2,0
82274,1,437,135,3.2,25,4,0,1
91449,1,272,148,2.7,46,1,1,1
70004,0,771,58,1.9,49,0,1,0
72981,1,263,122,6.9,11,15,2,1
94659,1,564,47,2.2,30,5,1,1
64553,0,596,73,6.0,16,15,1,0
58447,1,799,78,2.6,32,13,1,1
44529,0,494,145,6.6,10,2,0,0
85703,0,802,171,8.1,27,14,0,0
86090,1,407,185,7.8,31,2,2,1
27260,1,867,125,7.6,0,1,0,0
13812,1,282,193,1.9,46,0,2,0
38024,1,728,74,0.9,27,8,0,1
68656,1,893,40,7.0,41,8,2,1
37285,1,609,141,3.7,6,6,0,1
11605,1,807,122,4.3,1,2,0,0
81158,0,645,118,0.3,41,17,2,0
82303,1,663,187,2.6,23,10,1,1
37139,0,723,78,0.3,3,6,1,0
87149,1,863,167,8.8,43,8,0,1
66138,1,693,129,2.4,18,0,2,1
86125,0,843,97,5.6,25,13,1,0
23918,1,326,196,0.4,10,19,2,0
95655,1,844,76,6.7,39,5,1,1
37446,0,832,84,3.2,49,6,2,0
23046,1,535,54,9.0,42,9,0,0
34818,1,521,13,8.9,10,6,2,1
14324,1,653,163,3.3,44,1,1,0
86323,0,120,164,9.0,2,3,0,0
19111,1,653,183,10.0,11,16,2,0
48110,1,496,116,8.3,2,0,1,0
26389,1,724,60,8.4,41,9,0,0
51427,1,204,59,2.5,26,18,2,1
89579,0,291,15,5.8,48,14,1,0
38746,0,116,68,0.7,1,9,2,0
97886,1,219,134,0.9,48,18,2,1
10117,1,492,152,10.0,15,11,0,0
94471,0,524,39,3.3,1,15,0,0
23234,0,228,179,7.5,29,8,1,0
63441,1,229,131,8.1,19,14,0,1
10846,0,671,134,8.6,37,16,1,0
20954,1,659,46,10.0,27,13,2,0
89239,0,128,179,2.4,24,17,2,0
56514,0,196,133,0.4,31,1,1,0
98236,0,109,110,4.1,9,3,2,0
16469,0,341,44,1.3,41,17,0,0
40105,1,925,96,0.2,39,6,2,1
52101,0,331,143,3.6,32,12,0,0
74323,0,888,27,7.8,12,14,1,0
68067,1,383,122,5.7,40,0,1,1
59376,0,814,38,3.1,41,10,2,0
55587,0,858,86,6.5,46,9,2,0
46976,1,901,68,2.3,36,4,0,1
77584,0,875,184,0.1,15,15,0,0
88477,1,825,135,7.6,44,10,2,1
52533,1,299,154,6.2,21,5,2,1
11828,1,178,118,7.6,19,8,1,0
11917,1,954,31,0.4,49,12,1,0
30618,0,955,77,8.4,42,7,1,0
42254,1,272,78,6.2,26,13,2,1
57362,0,566,174,5.6,40,0,2,0
30128,0,680,58,6.2,15,16,2,0
69383,0,515,150,8.6,33,4,1,0
75545,0,548,171,5.9,31,1,2,0
92180,0,186,118,5.8,25,8,0,0
97958,0,200,95,9.9,24,3,2,0
19865,0,107,62,7.6,1,16,2,0
12219,0,944,132,4.4,11,16,2,0
49809,0,299,96,7.1,39,17,2,0
15287,0,604,188,3.9,8,15,2,0
44387,1,186,140,2.3,11,7,0,1
18512,1,142,51,6.0,25,10,0,0
11342,1,484,107,9.3,8,17,2,0
73076,0,720,169,9.3,9,9,1,0
29216,1,534,118,3.4,31,12,2,0
89767,1,507,60,5.3,33,16,2,1
36614,1,582,94,2.1,47,17,2,1
46258,0,763,183,10.0,19,9,1,0
52078,0,116,136,9.8,38,15,1,0
93524,0,744,30,6.5,1,19,1,0
22219,0,247,53,8.0,0,4,0,0
10235,1,376,148,7.2,35,12,1,0
52929,1,331,112,5.9,23,17,0,1
77444,1,925,77,0.5,26,16,0,1
18567,1,465,138,4.5,1,8,1,0
80792,0,327,101,6.7,30,13,1,0
75441,0,750,33,6.8,13,16,1,0
94555,0,535,134,3.7,1,3,0,0
83698,1,498,150,9.4,28,17,2,1
15415,0,310,120,1.7,14,19,1,0
46159,0,490,107,5.0,11,14,1,0
53925,1,598,148,6.9,36,10,1,1
15951,1,639,188,7.0,27,11,0,0
97388,0,662,26,6.5,19,8,0,0
18007,0,590,108,2.8,38,12,2,0
51832,0,541,91,1.6,23,14,1,0
68596,0,360,113,6.4,20,14,0,0
40523,0,872,161,6.0,9,4,2,0
